Number,Name,Year,Location,County,Allocated Placement
12345,Sarah Jones,4,D1,Dublin,
23456,Michael Test,3,D1,Dublin,
34567,Brian Smith,4,D21,Dublin,
45678,Joan McCabe,2,D8,Dublin,
56789,Jake Kelly,3,Naas,Kildare,
67890,Cian McCarthy,3,D4,Dublin,
13579,Ciara Molloy,1,Trim,Meath,
24680,Peter Burke,2,D24,Dublin,
98765,Patricia Murray,3,D7,Dublin,
87654,James Madden,4,D22,Dublin,
76543,Maya Adams,2,D6,Dublin,
65432,Adam Jackson,1,D21,Dublin,
54321,Jason Ennis,2,D1,Dublin,
43210,Hayley Field,4,D9,Dublin,